Campaign,Ad Group,Keyword,Match Type,Status,Final URL
Search | Angleton | AC Repair | Pilot,AC Repair,ac repair angleton tx,Exact,Enabled,https://blast-mech.com/service-area/angleton/
Search | Angleton | AC Repair | Pilot,AC Repair,ac repair angleton,Exact,Enabled,https://blast-mech.com/service-area/angleton/
Search | Angleton | AC Repair | Pilot,AC Repair,air conditioner repair angleton,Exact,Enabled,https://blast-mech.com/service-area/angleton/
Search | Angleton | AC Repair | Pilot,AC Repair,air conditioning repair angleton,Exact,Enabled,https://blast-mech.com/service-area/angleton/
Search | Angleton | AC Repair | Pilot,AC Repair,hvac repair angleton tx,Exact,Enabled,https://blast-mech.com/service-area/angleton/
Search | Angleton | AC Repair | Pilot,AC Repair,ac service angleton tx,Exact,Enabled,https://blast-mech.com/service-area/angleton/
Search | Angleton | AC Repair | Pilot,AC Repair,ac not cooling angleton,Exact,Enabled,https://blast-mech.com/service-area/angleton/
Search | Angleton | AC Repair | Pilot,AC Repair,home ac repair angleton,Exact,Enabled,https://blast-mech.com/service-area/angleton/
Search | Angleton | AC Repair | Pilot,AC Repair,ac repair angleton,Phrase,Enabled,https://blast-mech.com/service-area/angleton/
Search | Angleton | AC Repair | Pilot,AC Repair,air conditioner repair angleton,Phrase,Enabled,https://blast-mech.com/service-area/angleton/
Search | Angleton | AC Repair | Pilot,AC Repair,air conditioning repair angleton,Phrase,Enabled,https://blast-mech.com/service-area/angleton/
Search | Angleton | AC Repair | Pilot,AC Repair,hvac repair angleton,Phrase,Enabled,https://blast-mech.com/service-area/angleton/
Search | Angleton | AC Repair | Pilot,AC Repair,ac service angleton,Phrase,Enabled,https://blast-mech.com/service-area/angleton/
Search | Angleton | AC Repair | Pilot,AC Repair,home ac repair angleton,Phrase,Enabled,https://blast-mech.com/service-area/angleton/
