Campaign,Keyword,Match Type
Search | Angleton | AC Repair | Pilot,job,Negative broad
Search | Angleton | AC Repair | Pilot,jobs,Negative broad
Search | Angleton | AC Repair | Pilot,career,Negative broad
Search | Angleton | AC Repair | Pilot,careers,Negative broad
Search | Angleton | AC Repair | Pilot,salary,Negative broad
Search | Angleton | AC Repair | Pilot,hiring,Negative broad
Search | Angleton | AC Repair | Pilot,school,Negative broad
Search | Angleton | AC Repair | Pilot,training,Negative broad
Search | Angleton | AC Repair | Pilot,certification,Negative broad
Search | Angleton | AC Repair | Pilot,diy,Negative broad
Search | Angleton | AC Repair | Pilot,how to,Negative phrase
Search | Angleton | AC Repair | Pilot,manual,Negative broad
Search | Angleton | AC Repair | Pilot,diagram,Negative broad
Search | Angleton | AC Repair | Pilot,youtube,Negative broad
Search | Angleton | AC Repair | Pilot,parts,Negative broad
Search | Angleton | AC Repair | Pilot,wholesale,Negative broad
Search | Angleton | AC Repair | Pilot,supplier,Negative broad
Search | Angleton | AC Repair | Pilot,supply house,Negative phrase
Search | Angleton | AC Repair | Pilot,amazon,Negative broad
Search | Angleton | AC Repair | Pilot,used,Negative broad
Search | Angleton | AC Repair | Pilot,for sale,Negative phrase
Search | Angleton | AC Repair | Pilot,auto,Negative broad
Search | Angleton | AC Repair | Pilot,car,Negative broad
Search | Angleton | AC Repair | Pilot,truck,Negative broad
Search | Angleton | AC Repair | Pilot,rv,Negative broad
Search | Angleton | AC Repair | Pilot,camper,Negative broad
Search | Angleton | AC Repair | Pilot,window unit,Negative phrase
Search | Angleton | AC Repair | Pilot,portable,Negative broad
Search | Angleton | AC Repair | Pilot,refrigerator,Negative broad
Search | Angleton | AC Repair | Pilot,freezer,Negative broad
Search | Angleton | AC Repair | Pilot,commercial,Negative broad
Search | Angleton | AC Repair | Pilot,industrial,Negative broad
Search | Angleton | AC Repair | Pilot,new construction,Negative phrase
Search | Angleton | AC Repair | Pilot,duct cleaning,Negative phrase
Search | Angleton | AC Repair | Pilot,plumbing,Negative broad
Search | Angleton | AC Repair | Pilot,free,Negative broad
Search | Angleton | AC Repair | Pilot,coupon,Negative broad
Search | Angleton | AC Repair | Pilot,24 hour,Negative phrase
Search | Angleton | AC Repair | Pilot,24/7,Negative broad
